pokedex_number,name,type,hp,attack,defense,sp_attack,sp_defense,is_legendary,generation
460,Abomasnow,grass,90,92,75,92,85,0,4
63,Abra,psychic,25,20,15,105,55,0,1
359,Absol,dark,65,130,60,75,60,0,3
617,Accelgor,bug,80,70,40,100,60,0,5
681,Aegislash,steel,60,50,140,50,140,0,6
142,Aerodactyl,rock,80,105,65,60,75,0,1
306,Aggron,steel,70,110,180,60,60,0,3
190,Aipom,normal,55,70,55,40,55,0,2
65,Alakazam,psychic,55,50,45,135,95,0,1
869,Alcremie,fairy,65,60,75,110,121,0,8
594,Alomomola,water,165,75,80,40,45,0,5
334,Altaria,dragon,75,70,90,70,105,0,3
698,Amaura,rock,77,59,50,67,63,0,6
424,Ambipom,normal,75,100,66,60,66,0,4
591,Amoonguss,grass,114,85,70,85,80,0,5
181,Ampharos,electric,90,75,85,115,90,0,2
347,Anorith,rock,45,95,50,40,50,0,3
842,Appletun,grass,110,85,80,100,80,0,8
840,Applin,grass,40,40,80,40,40,0,8
752,Araquanid,water,68,70,92,50,132,0,7
24,Arbok,poison,60,95,69,65,79,0,1
59,Arcanine,fire,90,110,80,100,80,0,1
493,Arceus,normal,120,120,120,120,120,0,4
566,Archen,rock,55,112,45,74,45,0,5
567,Archeops,rock,75,140,65,112,65,0,5
883,Arctovish,water,90,90,100,80,90,0,8
881,Arctozolt,electric,90,100,90,90,80,0,8
168,Ariados,bug,70,90,70,60,70,0,2
348,Armaldo,rock,75,125,100,70,80,0,3
683,Aromatisse,fairy,101,72,72,99,89,0,6
304,Aron,steel,50,70,100,40,40,0,3
846,Arrokuda,water,41,63,40,40,30,0,8
144,Articuno,ice,90,85,100,95,125,0,1
531,Audino,normal,103,60,86,60,86,0,5
699,Aurorus,rock,123,77,72,99,92,0,6
713,Avalugg,ice,95,117,184,44,46,0,6
610,Axew,dragon,46,87,60,30,40,0,5
482,Azelf,psychic,75,125,70,125,70,0,4
184,Azumarill,water,100,50,80,60,80,0,2
298,Azurill,normal,50,20,40,20,40,0,3
371,Bagon,dragon,45,75,60,40,30,0,3
343,Baltoy,ground,40,40,55,40,70,0,3
354,Banette,ghost,64,115,65,83,63,0,3
689,Barbaracle,rock,72,105,115,54,86,0,6
339,Barboach,water,50,48,43,46,41,0,3
847,Barraskewda,water,61,123,60,60,50,0,8
550,Basculin,water,70,92,65,80,55,0,5
411,Bastiodon,rock,60,52,168,47,138,0,4
153,Bayleef,grass,60,62,80,63,80,0,2
614,Beartic,ice,95,130,80,70,80,0,5
267,Beautifly,bug,60,70,50,100,50,0,3
15,Beedrill,bug,65,90,40,45,80,0,1
606,Beheeyem,psychic,75,75,75,125,95,0,5
374,Beldum,steel,40,55,80,35,60,0,3
182,Bellossom,grass,75,80,95,90,100,0,2
69,Bellsprout,grass,50,75,35,70,30,0,1
712,Bergmite,ice,55,69,85,32,35,0,6
760,Bewear,normal,120,125,80,55,60,0,7
400,Bibarel,normal,79,85,60,55,60,0,4
399,Bidoof,normal,59,45,40,35,40,0,4
688,Binacle,rock,42,52,67,39,56,0,6
625,Bisharp,dark,65,125,100,60,70,0,5
806,Blacephalon,fire,53,127,53,151,79,0,7
9,Blastoise,water,79,83,100,85,105,0,1
257,Blaziken,fire,80,120,70,110,70,0,3
824,Blipbug,bug,25,20,20,25,45,0,8
242,Blissey,normal,255,10,10,75,135,0,2
522,Blitzle,electric,45,60,32,50,32,0,5
525,Boldore,rock,70,105,105,50,40,0,5
836,Boltund,electric,69,90,60,90,60,0,8
438,Bonsly,rock,50,80,95,10,45,0,4
626,Bouffalant,normal,95,110,95,40,95,0,5
761,Bounsweet,grass,42,30,38,30,38,0,7
654,Braixen,fire,59,59,58,90,70,0,6
628,Braviary,normal,100,123,75,57,75,0,5
286,Breloom,grass,60,130,80,60,60,0,3
729,Brionne,water,60,69,69,91,81,0,7
437,Bronzong,steel,67,89,116,79,116,0,4
436,Bronzor,steel,57,24,86,24,86,0,4
779,Bruxish,water,68,105,70,70,70,0,7
406,Budew,grass,40,30,35,50,70,0,4
418,Buizel,water,55,65,35,60,30,0,4
1,Bulbasaur,grass,45,49,49,65,65,0,1
427,Buneary,normal,55,66,44,44,56,0,4
659,Bunnelby,normal,38,36,38,32,36,0,6
412,Burmy,bug,40,29,45,29,45,0,4
12,Butterfree,bug,60,45,50,90,80,0,1
794,Buzzwole,bug,107,139,139,53,53,0,7
331,Cacnea,grass,50,85,40,85,40,0,3
332,Cacturne,grass,70,115,60,115,60,0,3
898,Calyrex,psychic,100,80,80,80,80,0,8
323,Camerupt,fire,70,100,70,105,75,0,3
703,Carbink,rock,50,50,150,50,150,0,6
838,Carkol,rock,80,60,90,60,70,0,8
455,Carnivine,grass,74,100,72,90,72,0,4
565,Carracosta,water,74,108,133,83,65,0,5
318,Carvanha,water,45,90,20,65,20,0,3
268,Cascoon,bug,50,35,55,25,25,0,3
351,Castform,normal,70,70,70,70,70,0,3
10,Caterpie,bug,45,30,35,20,20,0,1
251,Celebi,psychic,100,100,100,100,100,0,2
797,Celesteela,steel,97,101,103,107,101,0,7
851,Centiskorch,fire,100,115,65,90,90,0,8
609,Chandelure,ghost,60,55,90,145,90,0,5
113,Chansey,normal,250,5,5,35,105,0,1
6,Charizard,fire,78,84,78,109,85,0,1
737,Charjabug,bug,57,82,95,55,75,0,7
4,Charmander,fire,39,52,43,60,50,0,1
5,Charmeleon,fire,58,64,58,80,65,0,1
441,Chatot,normal,76,65,45,92,42,0,4
421,Cherrim,grass,70,60,70,87,78,0,4
420,Cherubi,grass,45,35,45,62,53,0,4
652,Chesnaught,grass,88,107,122,74,75,0,6
650,Chespin,grass,56,61,65,48,45,0,6
833,Chewtle,water,50,64,50,38,38,0,8
152,Chikorita,grass,45,49,65,49,65,0,2
390,Chimchar,fire,44,58,44,58,44,0,4
358,Chimecho,psychic,75,50,80,95,90,0,3
170,Chinchou,water,75,38,38,56,56,0,2
433,Chingling,psychic,45,30,50,65,50,0,4
573,Cinccino,normal,75,95,60,65,60,0,5
815,Cinderace,fire,80,116,75,65,75,0,8
366,Clamperl,water,35,64,85,74,55,0,3
692,Clauncher,water,50,53,62,58,63,0,6
693,Clawitzer,water,71,73,88,120,89,0,6
344,Claydol,ground,60,70,105,70,120,0,3
36,Clefable,fairy,95,70,73,95,90,0,1
35,Clefairy,fairy,70,45,48,60,65,0,1
173,Cleffa,fairy,50,25,28,45,55,0,2
852,Clobbopus,fighting,50,68,60,50,50,0,8
91,Cloyster,water,50,95,180,85,45,0,1
839,Coalossal,rock,110,80,120,80,90,0,8
638,Cobalion,steel,91,90,129,90,72,0,5
563,Cofagrigus,ghost,58,50,145,95,105,0,5
415,Combee,bug,30,30,42,30,42,0,4
256,Combusken,fire,60,85,60,85,60,0,3
764,Comfey,fairy,51,52,90,82,110,0,7
534,Conkeldurr,fighting,105,140,95,55,65,0,5
879,Copperajah,steel,122,130,69,80,69,0,8
341,Corphish,water,43,80,65,50,35,0,3
222,Corsola,water,65,55,95,65,95,0,2
823,Corviknight,flying,98,87,105,53,85,0,8
822,Corvisquire,flying,68,67,55,43,55,0,8
790,Cosmoem,psychic,43,29,131,29,131,1,7
789,Cosmog,psychic,43,29,31,29,31,1,7
546,Cottonee,grass,40,27,60,37,50,0,5
740,Crabominable,fighting,97,132,77,62,67,0,7
739,Crabrawler,fighting,47,82,57,42,47,0,7
346,Cradily,rock,86,81,97,81,107,0,3
845,Cramorant,flying,70,85,55,85,95,0,8
408,Cranidos,rock,67,125,40,30,30,0,4
342,Crawdaunt,water,63,120,85,90,55,0,3
488,Cresselia,psychic,120,70,120,75,130,0,4
453,Croagunk,poison,48,61,40,61,40,0,4
169,Crobat,poison,85,90,80,70,80,0,2
159,Croconaw,water,65,80,80,59,63,0,2
558,Crustle,bug,70,105,125,65,75,0,5
615,Cryogonal,ice,80,50,50,95,135,0,5
613,Cubchoo,ice,55,70,40,60,40,0,5
104,Cubone,ground,50,50,95,40,50,0,1
878,Cufant,steel,72,80,49,40,49,0,8
864,Cursola,ghost,60,95,50,145,130,0,8
742,Cutiefly,bug,40,45,40,55,40,0,7
155,Cyndaquil,fire,39,52,43,60,50,0,2
491,Darkrai,dark,70,90,90,135,90,0,4
555,Darmanitan,fire,105,140,55,30,55,0,5
723,Dartrix,grass,78,75,75,70,70,0,7
554,Darumaka,fire,70,90,45,15,45,0,5
724,Decidueye,grass,78,107,75,100,100,0,7
702,Dedenne,electric,67,58,57,81,67,0,6
585,Deerling,normal,60,60,50,40,50,0,5
633,Deino,dark,52,65,50,45,50,0,5
301,Delcatty,normal,70,65,65,55,55,0,3
225,Delibird,ice,45,55,45,65,45,0,2
655,Delphox,fire,75,69,72,114,100,0,6
386,Deoxys,psychic,50,150,50,150,50,0,3
87,Dewgong,water,90,70,80,70,95,0,1
502,Dewott,water,75,75,60,83,60,0,5
751,Dewpider,water,38,40,52,40,72,0,7
781,Dhelmise,ghost,70,131,100,86,90,0,7
483,Dialga,steel,100,120,120,150,100,1,4
719,Diancie,rock,50,100,150,100,150,0,6
660,Diggersby,normal,85,56,77,50,77,0,6
50,Diglett,ground,10,55,25,35,45,0,1
132,Ditto,normal,48,48,48,48,48,0,1
85,Dodrio,normal,60,110,70,60,60,0,1
84,Doduo,normal,35,85,45,35,35,0,1
232,Donphan,ground,90,120,120,60,60,0,2
825,Dottler,bug,50,35,80,50,90,0,8
680,Doublade,steel,59,110,150,45,49,0,6
882,Dracovish,water,90,90,100,70,80,0,8
880,Dracozolt,electric,90,100,90,80,70,0,8
691,Dragalge,poison,65,75,90,97,123,0,6
887,Dragapult,dragon,88,120,75,100,75,0,8
148,Dragonair,dragon,61,84,65,70,70,0,1
149,Dragonite,dragon,91,134,95,100,100,0,1
886,Drakloak,dragon,68,80,50,60,50,0,8
780,Drampa,normal,78,60,85,135,91,0,7
452,Drapion,poison,70,90,110,60,75,0,4
147,Dratini,dragon,41,64,45,50,50,0,1
834,Drednaw,water,90,115,90,48,68,0,8
885,Dreepy,dragon,28,60,30,40,30,0,8
426,Drifblim,ghost,150,80,44,90,54,0,4
425,Drifloon,ghost,90,50,34,60,44,0,4
529,Drilbur,ground,60,85,40,30,45,0,5
817,Drizzile,water,65,60,55,95,55,0,8
96,Drowzee,psychic,60,48,45,43,90,0,1
621,Druddigon,dragon,77,120,90,60,90,0,5
832,Dubwool,normal,72,80,100,60,90,0,8
580,Ducklett,water,62,44,50,44,50,0,5
51,Dugtrio,ground,35,100,50,50,70,0,1
206,Dunsparce,normal,100,70,70,65,65,0,2
578,Duosion,psychic,65,40,50,125,60,0,5
884,Duraludon,steel,70,95,115,120,50,0,8
632,Durant,bug,58,109,112,48,48,0,5
356,Dusclops,ghost,40,70,130,60,130,0,3
477,Dusknoir,ghost,45,100,135,65,135,0,4
355,Duskull,ghost,20,40,90,30,90,0,3
269,Dustox,bug,60,50,70,50,90,0,3
557,Dwebble,bug,50,65,85,35,35,0,5
603,Eelektrik,electric,65,85,70,75,70,0,5
604,Eelektross,electric,85,115,80,105,80,0,5
133,Eevee,normal,55,55,50,45,65,0,1
875,Eiscue,ice,75,80,110,65,90,0,8
23,Ekans,poison,35,60,44,40,54,0,1
830,Eldegoss,grass,60,50,90,80,120,0,8
125,Electabuzz,electric,65,83,57,95,85,0,1
466,Electivire,electric,75,123,67,95,85,0,4
309,Electrike,electric,40,45,40,65,40,0,3
101,Electrode,electric,60,50,70,80,80,0,1
239,Elekid,electric,45,63,37,65,55,0,2
605,Elgyem,psychic,55,55,55,85,55,0,5
500,Emboar,fire,110,123,65,100,65,0,5
587,Emolga,electric,55,75,60,75,60,0,5
395,Empoleon,water,84,86,88,111,101,0,4
244,Entei,fire,115,115,85,90,75,0,2
589,Escavalier,bug,70,135,105,60,105,0,5
196,Espeon,psychic,65,65,60,130,95,0,2
677,Espurr,psychic,62,48,54,63,60,0,6
890,Eternatus,poison,140,85,95,145,95,0,8
530,Excadrill,ground,110,135,60,50,65,0,5
102,Exeggcute,grass,60,40,80,60,45,0,1
103,Exeggutor,grass,95,95,85,125,75,0,1
295,Exploud,normal,104,91,63,91,73,0,3
870,Falinks,fighting,65,100,100,70,60,0,8
83,Farfetch'd,normal,52,90,55,58,62,0,1
22,Fearow,normal,65,90,65,61,61,0,1
349,Feebas,water,20,15,20,10,55,0,3
653,Fennekin,fire,40,45,40,62,60,0,6
160,Feraligatr,water,85,105,100,79,83,0,2
597,Ferroseed,grass,44,50,91,24,86,0,5
598,Ferrothorn,grass,74,94,131,54,116,0,5
456,Finneon,water,49,49,56,49,61,0,4
180,Flaaffy,electric,70,55,55,80,60,0,2
669,Flabébé,fairy,44,38,39,61,79,0,6
841,Flapple,grass,70,110,80,95,60,0,8
136,Flareon,fire,65,130,60,95,110,0,1
662,Fletchinder,fire,62,73,55,56,52,0,6
661,Fletchling,normal,45,50,43,40,38,0,6
419,Floatzel,water,85,105,55,85,50,0,4
670,Floette,fairy,54,45,47,75,98,0,6
671,Florges,fairy,78,65,68,112,154,0,6
330,Flygon,ground,80,100,80,80,80,0,3
753,Fomantis,grass,40,55,35,50,35,0,7
590,Foongus,grass,69,55,45,55,55,0,5
205,Forretress,bug,75,90,140,60,60,0,2
611,Fraxure,dragon,66,117,70,40,50,0,5
592,Frillish,water,55,40,50,65,85,0,5
656,Froakie,water,41,56,40,62,44,0,6
657,Frogadier,water,54,63,52,83,56,0,6
478,Froslass,ice,70,80,70,80,70,0,4
873,Frosmoth,ice,70,65,60,125,90,0,8
676,Furfrou,normal,75,80,60,65,90,0,6
162,Furret,normal,85,76,64,45,55,0,2
444,Gabite,dragon,68,90,65,50,55,0,4
475,Gallade,psychic,68,125,65,65,115,0,4
596,Galvantula,bug,70,77,60,97,60,0,5
569,Garbodor,poison,80,95,82,60,82,0,5
445,Garchomp,dragon,108,130,95,80,85,0,4
282,Gardevoir,psychic,68,65,65,125,115,0,3
92,Gastly,ghost,30,35,30,100,35,0,1
423,Gastrodon,water,111,83,68,92,82,0,4
649,Genesect,bug,71,120,95,120,95,0,5
94,Gengar,ghost,60,65,60,130,75,0,1
74,Geodude,rock,40,80,100,30,30,0,1
443,Gible,dragon,58,70,45,40,45,0,4
526,Gigalith,rock,85,135,130,60,80,0,5
203,Girafarig,normal,70,80,65,90,65,0,2
487,Giratina,ghost,150,100,120,100,120,1,4
471,Glaceon,ice,65,60,110,130,95,0,4
362,Glalie,ice,80,80,80,80,80,0,3
431,Glameow,normal,49,55,42,42,37,0,4
896,Glastrier,ice,100,145,130,65,110,0,8
207,Gligar,ground,65,75,105,35,65,0,2
472,Gliscor,ground,75,95,125,45,75,0,4
44,Gloom,grass,60,65,70,85,75,0,1
673,Gogoat,grass,123,100,62,97,81,0,6
42,Golbat,poison,75,80,70,65,75,0,1
118,Goldeen,water,45,67,60,35,50,0,1
55,Golduck,water,80,82,78,95,80,0,1
76,Golem,rock,80,120,130,55,65,0,1
622,Golett,ground,59,74,50,35,50,0,5
768,Golisopod,bug,75,125,140,60,90,0,7
623,Golurk,ground,89,124,80,55,80,0,5
706,Goodra,dragon,90,100,70,110,150,0,6
704,Goomy,dragon,45,50,35,55,75,0,6
368,Gorebyss,water,55,84,105,114,75,0,3
829,Gossifleur,grass,40,40,60,40,60,0,8
574,Gothita,psychic,45,30,50,55,65,0,5
576,Gothitelle,psychic,70,55,95,95,110,0,5
575,Gothorita,psychic,60,45,70,75,85,0,5
711,Gourgeist,ghost,65,90,122,58,75,0,6
210,Granbull,fairy,90,120,75,60,60,0,2
853,Grapploct,fighting,80,118,90,70,80,0,8
75,Graveler,rock,55,95,115,45,45,0,1
820,Greedent,normal,120,95,95,55,75,0,8
658,Greninja,water,72,95,67,103,71,0,6
88,Grimer,poison,80,80,50,40,50,0,1
861,Grimmsnarl,dark,95,120,65,95,75,0,8
810,Grookey,grass,50,65,50,40,40,0,8
388,Grotle,grass,75,89,85,55,65,0,4
383,Groudon,ground,100,150,140,100,90,1,3
253,Grovyle,grass,50,65,45,85,65,0,3
58,Growlithe,fire,55,70,45,70,50,0,1
736,Grubbin,bug,47,62,45,55,45,0,7
326,Grumpig,psychic,80,45,65,90,110,0,3
316,Gulpin,poison,70,43,53,43,53,0,3
735,Gumshoos,normal,88,110,60,55,60,0,7
533,Gurdurr,fighting,85,105,85,40,50,0,5
799,Guzzlord,dark,223,101,53,97,53,0,7
130,Gyarados,water,95,125,79,60,100,0,1
783,Hakamo-o,dragon,55,75,90,65,70,0,7
440,Happiny,normal,100,5,5,15,65,0,4
297,Hariyama,fighting,144,120,60,40,60,0,3
856,Hatenna,psychic,42,30,45,56,53,0,8
858,Hatterene,psychic,57,90,95,136,103,0,8
857,Hattrem,psychic,57,40,65,86,73,0,8
93,Haunter,ghost,45,50,45,115,55,0,1
701,Hawlucha,fighting,78,92,75,74,63,0,6
612,Haxorus,dragon,76,147,90,60,70,0,5
631,Heatmor,fire,85,97,66,105,66,0,5
485,Heatran,fire,91,90,106,130,106,0,4
695,Heliolisk,electric,62,55,52,109,94,0,6
694,Helioptile,electric,44,38,33,61,43,0,6
214,Heracross,bug,80,125,75,40,95,0,2
507,Herdier,normal,65,80,65,35,65,0,5
449,Hippopotas,ground,68,72,78,38,42,0,4
450,Hippowdon,ground,108,112,118,68,72,0,4
107,Hitmonchan,fighting,50,105,79,35,110,0,1
106,Hitmonlee,fighting,50,120,53,35,110,0,1
237,Hitmontop,fighting,50,95,95,35,110,0,2
250,Ho-Oh,fire,106,130,90,110,154,1,2
430,Honchkrow,dark,100,125,52,105,52,0,4
679,Honedge,steel,45,80,100,35,37,0,6
720,Hoopa,psychic,80,110,60,150,130,0,6
163,Hoothoot,normal,60,30,30,36,56,0,2
187,Hoppip,grass,35,35,40,35,55,0,2
116,Horsea,water,30,40,70,70,25,0,1
229,Houndoom,dark,75,90,50,110,80,0,2
228,Houndour,dark,45,60,30,80,50,0,2
367,Huntail,water,55,104,105,94,75,0,3
635,Hydreigon,dark,92,105,90,125,90,0,5
97,Hypno,psychic,85,73,70,73,115,0,1
174,Igglybuff,normal,90,30,15,40,20,0,2
314,Illumise,bug,65,47,75,73,85,0,3
859,Impidimp,dark,45,45,30,55,40,0,8
727,Incineroar,fire,95,115,90,80,90,0,7
876,Indeedee,psychic,60,65,55,105,95,0,8
392,Infernape,fire,76,104,71,104,71,0,4
686,Inkay,dark,53,54,53,37,46,0,6
818,Inteleon,water,70,85,65,125,65,0,8
2,Ivysaur,grass,60,62,63,80,80,0,1
782,Jangmo-o,dragon,45,55,65,45,45,0,7
593,Jellicent,water,100,60,70,85,105,0,5
39,Jigglypuff,normal,115,45,20,45,25,0,1
385,Jirachi,steel,100,100,100,100,100,0,3
135,Jolteon,electric,65,65,60,110,95,0,1
595,Joltik,bug,50,47,50,57,50,0,5
189,Jumpluff,grass,75,55,70,55,95,0,2
124,Jynx,ice,65,50,35,115,95,0,1
140,Kabuto,rock,30,80,90,55,45,0,1
141,Kabutops,rock,60,115,105,65,70,0,1
64,Kadabra,psychic,40,35,30,120,70,0,1
14,Kakuna,bug,45,25,50,25,25,0,1
115,Kangaskhan,normal,105,95,80,40,80,0,1
588,Karrablast,bug,50,75,45,40,45,0,5
798,Kartana,grass,59,181,131,59,31,0,7
352,Kecleon,normal,60,90,70,60,120,0,3
647,Keldeo,water,91,72,90,129,90,0,5
230,Kingdra,water,75,95,95,95,95,0,2
99,Kingler,water,55,130,115,50,50,0,1
281,Kirlia,psychic,38,35,35,65,55,0,3
600,Klang,steel,60,80,95,70,85,0,5
707,Klefki,steel,57,80,91,80,87,0,6
599,Klink,steel,40,55,70,45,60,0,5
601,Klinklang,steel,60,100,115,70,85,0,5
109,Koffing,poison,40,65,95,60,45,0,1
775,Komala,normal,65,115,65,75,95,0,7
784,Kommo-o,dragon,75,110,125,100,105,0,7
98,Krabby,water,30,105,90,25,25,0,1
401,Kricketot,bug,37,25,41,25,41,0,4
402,Kricketune,bug,77,85,51,55,51,0,4
552,Krokorok,ground,60,82,45,45,45,0,5
553,Krookodile,ground,95,117,80,65,70,0,5
891,Kubfu,fighting,60,90,60,53,50,0,8
382,Kyogre,water,100,100,90,150,140,1,3
646,Kyurem,dragon,125,130,90,130,90,1,5
305,Lairon,steel,60,90,140,50,50,0,3
608,Lampent,ghost,60,40,60,95,60,0,5
645,Landorus,ground,89,125,90,115,80,0,5
171,Lanturn,water,125,58,58,76,76,0,2
131,Lapras,water,130,85,80,85,95,0,1
636,Larvesta,bug,55,85,55,50,55,0,5
246,Larvitar,rock,50,64,50,45,50,0,2
380,Latias,dragon,80,80,90,110,130,0,3
381,Latios,dragon,80,90,80,130,110,0,3
470,Leafeon,grass,65,110,130,60,65,0,4
542,Leavanny,bug,75,103,80,70,80,0,5
166,Ledian,bug,55,35,50,55,110,0,2
165,Ledyba,bug,40,20,30,40,80,0,2
463,Lickilicky,normal,110,85,95,80,95,0,4
108,Lickitung,normal,90,55,75,60,75,0,1
510,Liepard,dark,64,88,50,88,50,0,5
345,Lileep,rock,66,41,77,61,87,0,3
549,Lilligant,grass,70,60,75,110,75,0,5
506,Lillipup,normal,45,60,45,25,45,0,5
264,Linoone,normal,78,70,61,50,61,0,3
667,Litleo,fire,62,50,58,73,54,0,6
725,Litten,fire,45,65,40,60,40,0,7
607,Litwick,ghost,50,30,55,65,55,0,5
271,Lombre,water,60,50,50,60,70,0,3
428,Lopunny,normal,65,76,84,54,96,0,4
270,Lotad,water,40,30,30,40,50,0,3
294,Loudred,normal,84,71,43,71,43,0,3
448,Lucario,fighting,70,110,70,115,70,0,4
272,Ludicolo,water,80,70,70,90,100,0,3
249,Lugia,psychic,106,90,130,90,154,1,2
457,Lumineon,water,69,69,76,69,86,0,4
792,Lunala,psychic,137,113,89,137,107,1,7
337,Lunatone,rock,90,55,65,95,85,0,3
754,Lurantis,grass,70,105,90,80,90,0,7
370,Luvdisc,water,43,30,55,40,65,0,3
404,Luxio,electric,60,85,49,60,49,0,4
405,Luxray,electric,80,120,79,95,79,0,4
745,Lycanroc,rock,75,115,65,55,65,0,7
68,Machamp,fighting,90,130,80,65,85,0,1
67,Machoke,fighting,80,100,70,50,60,0,1
66,Machop,fighting,70,80,50,35,35,0,1
240,Magby,fire,45,75,37,70,55,0,2
219,Magcargo,fire,60,50,120,90,80,0,2
801,Magearna,steel,80,95,115,130,115,0,7
129,Magikarp,water,20,10,55,15,20,0,1
126,Magmar,fire,65,95,57,100,85,0,1
467,Magmortar,fire,75,95,67,125,95,0,4
81,Magnemite,electric,25,35,70,95,55,0,1
82,Magneton,electric,50,60,95,120,70,0,1
462,Magnezone,electric,70,70,115,130,90,0,4
296,Makuhita,fighting,72,60,30,20,30,0,3
687,Malamar,dark,86,92,88,68,75,0,6
473,Mamoswine,ice,110,130,80,70,60,0,4
490,Manaphy,water,100,100,100,100,100,0,4
630,Mandibuzz,dark,110,65,105,55,95,0,5
310,Manectric,electric,70,75,60,105,60,0,3
56,Mankey,fighting,40,80,35,35,45,0,1
226,Mantine,water,85,40,70,80,140,0,2
458,Mantyke,water,45,20,50,60,120,0,4
556,Maractus,grass,75,86,67,106,67,0,5
747,Mareanie,poison,50,53,62,43,52,0,7
179,Mareep,electric,55,40,40,65,45,0,2
183,Marill,water,70,20,50,20,50,0,2
105,Marowak,ground,60,80,110,50,80,0,1
802,Marshadow,fighting,90,125,80,90,90,0,7
259,Marshtomp,water,70,85,70,60,70,0,3
284,Masquerain,bug,70,60,62,100,82,0,3
303,Mawile,steel,50,85,85,55,55,0,3
308,Medicham,fighting,60,60,75,60,75,0,3
307,Meditite,fighting,30,40,55,40,55,0,3
154,Meganium,grass,80,82,100,83,100,0,2
809,Melmetal,steel,135,143,143,80,65,0,7
648,Meloetta,normal,100,77,77,128,128,0,5
808,Meltan,steel,46,65,65,55,35,0,7
678,Meowstic,psychic,74,48,76,83,81,0,6
52,Meowth,normal,40,45,35,40,40,0,1
481,Mesprit,psychic,80,105,105,105,105,0,4
376,Metagross,steel,80,135,130,95,90,0,3
375,Metang,steel,60,75,100,55,80,0,3
11,Metapod,bug,50,20,55,25,25,0,1
151,Mew,psychic,100,100,100,100,100,0,1
150,Mewtwo,psychic,106,110,90,154,90,1,1
619,Mienfoo,fighting,45,85,50,55,50,0,5
620,Mienshao,fighting,65,125,60,95,60,0,5
262,Mightyena,dark,70,90,70,60,60,0,3
868,Milcery,fairy,45,40,40,50,61,0,8
350,Milotic,water,95,60,79,100,125,0,3
241,Miltank,normal,95,80,105,40,70,0,2
439,Mime Jr.,psychic,20,25,45,70,90,0,4
778,Mimikyu,ghost,55,90,80,50,105,0,7
572,Minccino,normal,55,50,40,40,40,0,5
774,Minior,rock,60,60,100,60,100,0,7
312,Minun,electric,60,40,50,75,85,0,3
200,Misdreavus,ghost,60,60,60,85,85,0,2
429,Mismagius,ghost,60,60,60,105,105,0,4
146,Moltres,fire,90,100,90,125,85,0,1
391,Monferno,fire,64,78,52,78,52,0,4
755,Morelull,grass,40,35,55,65,75,0,7
860,Morgrem,dark,65,60,45,75,55,0,8
877,Morpeko,electric,58,95,58,70,58,0,8
414,Mothim,bug,70,94,50,94,50,0,4
122,Mr. Mime,psychic,40,45,65,100,120,0,1
866,Mr. Rime,ice,80,85,75,110,100,0,8
749,Mudbray,ground,70,100,70,45,55,0,7
258,Mudkip,water,50,70,50,50,50,0,3
750,Mudsdale,ground,100,125,100,55,85,0,7
89,Muk,poison,105,105,75,65,100,0,1
446,Munchlax,normal,135,85,40,40,85,0,4
517,Munna,psychic,76,25,45,67,55,0,5
198,Murkrow,dark,60,85,42,85,42,0,2
518,Musharna,psychic,116,55,85,107,95,0,5
804,Naganadel,poison,73,73,73,127,73,0,7
177,Natu,psychic,40,50,45,70,45,0,2
800,Necrozma,psychic,97,107,101,127,89,1,7
827,Nickit,dark,40,28,28,47,52,0,8
34,Nidoking,poison,81,102,77,85,75,0,1
31,Nidoqueen,poison,90,92,87,75,85,0,1
29,Nidoran♀,poison,55,47,52,40,40,0,1
32,Nidoran♂,poison,46,57,40,40,40,0,1
30,Nidorina,poison,70,62,67,55,55,0,1
33,Nidorino,poison,61,72,57,55,55,0,1
793,Nihilego,rock,109,53,47,127,131,0,7
290,Nincada,bug,31,45,90,30,30,0,3
38,Ninetales,fire,73,76,75,81,100,0,1
291,Ninjask,bug,61,90,45,50,50,0,3
164,Noctowl,normal,100,50,50,86,96,0,2
714,Noibat,flying,40,30,35,45,40,0,6
715,Noivern,flying,85,70,80,97,80,0,6
299,Nosepass,rock,30,45,135,45,90,0,3
322,Numel,fire,60,60,40,65,45,0,3
274,Nuzleaf,grass,70,70,40,60,40,0,3
862,Obstagoon,dark,93,90,101,60,81,0,8
224,Octillery,water,75,105,75,105,75,0,2
43,Oddish,grass,45,50,55,75,65,0,1
138,Omanyte,rock,35,40,100,90,55,0,1
139,Omastar,rock,70,60,125,115,70,0,1
95,Onix,rock,35,45,160,30,45,0,1
765,Oranguru,normal,90,60,80,90,110,0,7
826,Orbeetle,bug,60,45,110,80,120,0,8
741,Oricorio,fire,75,70,70,98,70,0,7
501,Oshawott,water,55,55,45,63,45,0,5
417,Pachirisu,electric,60,45,70,45,90,0,4
484,Palkia,water,90,120,100,150,120,1,4
770,Palossand,ghost,85,75,110,100,75,0,7
536,Palpitoad,water,75,65,55,65,55,0,5
674,Pancham,fighting,67,82,62,46,48,0,6
675,Pangoro,fighting,95,124,78,69,71,0,6
515,Panpour,water,50,53,48,53,48,0,5
511,Pansage,grass,50,53,48,53,48,0,5
513,Pansear,fire,50,53,48,53,48,0,5
46,Paras,bug,35,70,55,45,55,0,1
47,Parasect,bug,60,95,80,60,80,0,1
766,Passimian,fighting,100,120,90,40,60,0,7
504,Patrat,normal,45,55,39,35,39,0,5
624,Pawniard,dark,45,85,70,40,40,0,5
279,Pelipper,water,60,50,100,95,70,0,3
863,Perrserker,steel,70,110,100,50,60,0,8
53,Persian,normal,65,70,60,65,65,0,1
548,Petilil,grass,45,35,50,70,50,0,5
231,Phanpy,ground,90,60,60,40,40,0,2
708,Phantump,ghost,43,70,48,50,60,0,6
795,Pheromosa,bug,71,137,37,137,37,0,7
489,Phione,water,80,80,80,80,80,0,4
172,Pichu,electric,20,40,15,35,35,0,2
18,Pidgeot,normal,83,80,75,70,70,0,1
17,Pidgeotto,normal,63,60,55,50,50,0,1
16,Pidgey,normal,40,45,40,35,35,0,1
519,Pidove,normal,50,55,50,36,30,0,5
499,Pignite,fire,90,93,55,70,55,0,5
25,Pikachu,electric,35,55,40,50,50,0,1
731,Pikipek,normal,35,75,30,30,30,0,7
221,Piloswine,ice,100,100,80,60,60,0,2
871,Pincurchin,electric,48,101,95,91,85,0,8
204,Pineco,bug,50,65,90,35,35,0,2
127,Pinsir,bug,65,125,100,55,70,0,1
393,Piplup,water,53,51,53,61,56,0,4
311,Plusle,electric,60,50,40,85,75,0,3
803,Poipole,poison,67,73,67,73,67,0,7
186,Politoed,water,90,75,75,90,100,0,2
60,Poliwag,water,40,50,40,40,40,0,1
61,Poliwhirl,water,65,65,65,50,50,0,1
62,Poliwrath,water,90,95,95,70,90,0,1
855,Polteageist,ghost,60,65,65,134,114,0,8
77,Ponyta,fire,50,85,55,65,65,0,1
261,Poochyena,dark,35,55,35,30,30,0,3
728,Popplio,water,50,54,54,66,56,0,7
137,Porygon,normal,65,60,70,85,75,0,1
474,Porygon-Z,normal,85,80,70,135,75,0,4
233,Porygon2,normal,85,80,90,105,95,0,2
730,Primarina,water,80,74,74,126,116,0,7
57,Primeape,fighting,65,105,60,60,70,0,1
394,Prinplup,water,64,66,68,81,76,0,4
476,Probopass,rock,60,55,145,75,150,0,4
54,Psyduck,water,50,52,48,65,50,0,1
710,Pumpkaboo,ghost,49,66,70,44,55,0,6
247,Pupitar,rock,70,84,70,65,70,0,2
509,Purrloin,dark,41,50,37,50,37,0,5
432,Purugly,normal,71,82,64,64,59,0,4
668,Pyroar,fire,86,68,72,109,66,0,6
771,Pyukumuku,water,55,60,130,30,130,0,7
195,Quagsire,water,95,85,85,65,65,0,2
156,Quilava,fire,58,64,58,80,65,0,2
651,Quilladin,grass,61,78,95,56,58,0,6
211,Qwilfish,water,65,95,85,55,55,0,2
814,Raboot,fire,65,86,60,55,60,0,8
26,Raichu,electric,60,90,55,90,80,0,1
243,Raikou,electric,90,85,75,115,100,0,2
280,Ralts,psychic,28,25,25,45,35,0,3
409,Rampardos,rock,97,165,60,65,50,0,4
78,Rapidash,fire,65,100,70,80,80,0,1
20,Raticate,normal,55,81,60,50,70,0,1
19,Rattata,normal,30,56,35,25,35,0,1
384,Rayquaza,dragon,105,150,90,150,90,1,3
378,Regice,ice,80,50,100,100,200,0,3
895,Regidrago,dragon,200,100,50,100,50,0,8
894,Regieleki,electric,80,100,50,100,50,0,8
486,Regigigas,normal,110,160,110,80,110,0,4
377,Regirock,rock,80,100,200,50,100,0,3
379,Registeel,steel,80,75,150,75,150,0,3
369,Relicanth,water,100,90,130,45,65,0,3
223,Remoraid,water,35,65,35,65,35,0,2
643,Reshiram,dragon,100,120,100,150,120,1,5
579,Reuniclus,psychic,110,65,75,125,85,0,5
112,Rhydon,ground,105,130,120,45,45,0,1
111,Rhyhorn,ground,80,85,95,30,30,0,1
464,Rhyperior,ground,115,140,130,55,55,0,4
743,Ribombee,bug,60,55,60,95,70,0,7
812,Rillaboom,grass,100,125,90,60,70,0,8
447,Riolu,fighting,40,70,40,35,40,0,4
744,Rockruff,rock,45,65,40,30,40,0,7
524,Roggenrola,rock,55,75,85,25,25,0,5
837,Rolycoly,rock,30,40,50,40,50,0,8
821,Rookidee,flying,38,47,35,33,35,0,8
315,Roselia,grass,50,60,45,100,80,0,3
407,Roserade,grass,60,70,65,125,105,0,4
479,Rotom,electric,50,50,77,95,77,0,4
722,Rowlet,grass,68,55,55,50,50,0,7
627,Rufflet,normal,70,83,50,37,50,0,5
867,Runerigus,ground,58,95,145,50,105,0,8
302,Sableye,dark,50,75,75,65,65,0,3
373,Salamence,dragon,95,135,80,110,80,0,3
757,Salandit,poison,48,44,40,71,40,0,7
758,Salazzle,poison,68,64,60,111,60,0,7
503,Samurott,water,95,100,85,108,70,0,5
844,Sandaconda,ground,72,107,125,65,70,0,8
551,Sandile,ground,50,72,35,35,35,0,5
27,Sandshrew,ground,50,75,85,20,30,0,1
28,Sandslash,ground,75,100,110,45,55,0,1
769,Sandygast,ghost,55,55,80,70,45,0,7
539,Sawk,fighting,75,125,75,30,75,0,5
586,Sawsbuck,normal,80,100,70,60,70,0,5
664,Scatterbug,bug,38,35,40,27,25,0,6
254,Sceptile,grass,70,85,65,105,85,0,3
212,Scizor,bug,70,130,100,55,80,0,2
545,Scolipede,bug,60,100,89,55,69,0,5
813,Scorbunny,fire,50,71,40,40,40,0,8
560,Scrafty,dark,65,90,115,45,115,0,5
559,Scraggy,dark,50,75,70,35,70,0,5
123,Scyther,bug,70,110,80,55,80,0,1
117,Seadra,water,55,65,95,95,45,0,1
119,Seaking,water,80,92,65,65,80,0,1
364,Sealeo,ice,90,60,70,75,70,0,3
273,Seedot,grass,40,40,50,30,30,0,3
86,Seel,water,65,45,55,45,70,0,1
537,Seismitoad,water,105,95,75,85,75,0,5
161,Sentret,normal,35,46,34,35,45,0,2
497,Serperior,grass,75,75,95,75,95,0,5
496,Servine,grass,60,60,75,60,75,0,5
336,Seviper,poison,73,100,60,100,60,0,3
540,Sewaddle,bug,45,53,70,40,60,0,5
319,Sharpedo,water,70,120,40,95,40,0,3
492,Shaymin,grass,100,100,100,100,100,0,4
292,Shedinja,bug,1,90,45,30,30,0,3
372,Shelgon,dragon,65,95,100,60,50,0,3
90,Shellder,water,30,65,100,45,25,0,1
422,Shellos,water,76,48,48,57,62,0,4
616,Shelmet,bug,50,40,85,40,65,0,5
410,Shieldon,rock,30,42,118,42,88,0,4
275,Shiftry,grass,90,100,60,90,60,0,3
756,Shiinotic,grass,60,45,80,90,100,0,7
403,Shinx,electric,45,65,34,40,34,0,4
285,Shroomish,grass,60,40,60,40,60,0,3
213,Shuckle,bug,20,10,230,10,230,0,2
353,Shuppet,ghost,44,75,35,63,33,0,3
561,Sigilyph,psychic,72,58,80,103,80,0,5
266,Silcoon,bug,50,35,55,25,25,0,3
843,Silicobra,ground,52,57,75,35,50,0,8
773,Silvally,normal,95,95,95,95,95,0,7
516,Simipour,water,75,98,63,98,63,0,5
512,Simisage,grass,75,98,63,98,63,0,5
514,Simisear,fire,75,98,63,98,63,0,5
854,Sinistea,ghost,40,45,45,74,54,0,8
865,Sirfetch'd,fighting,62,135,95,68,82,0,8
850,Sizzlipede,fire,50,65,45,50,50,0,8
227,Skarmory,steel,65,80,140,40,70,0,2
672,Skiddo,grass,66,65,48,62,57,0,6
188,Skiploom,grass,55,45,50,45,65,0,2
300,Skitty,normal,50,45,45,35,35,0,3
451,Skorupi,poison,40,50,90,30,55,0,4
690,Skrelp,poison,50,60,60,60,60,0,6
435,Skuntank,poison,103,93,67,71,61,0,4
819,Skwovet,normal,70,55,55,35,35,0,8
289,Slaking,normal,150,160,100,95,65,0,3
287,Slakoth,normal,60,60,60,35,35,0,3
705,Sliggoo,dragon,68,75,53,83,113,0,6
80,Slowbro,water,95,75,110,100,80,0,1
199,Slowking,water,95,75,80,100,110,0,2
79,Slowpoke,water,90,65,65,40,40,0,1
218,Slugma,fire,40,40,40,70,40,0,2
685,Slurpuff,fairy,82,80,86,85,75,0,6
235,Smeargle,normal,55,20,35,20,45,0,2
238,Smoochum,ice,45,30,15,85,65,0,2
215,Sneasel,dark,55,95,55,35,75,0,2
495,Snivy,grass,45,45,55,45,55,0,5
872,Snom,ice,30,25,35,45,30,0,8
143,Snorlax,normal,160,110,65,65,110,0,1
361,Snorunt,ice,50,50,50,50,50,0,3
459,Snover,grass,60,62,50,62,60,0,4
209,Snubbull,fairy,60,80,50,40,40,0,2
816,Sobble,water,50,40,40,70,40,0,8
791,Solgaleo,psychic,137,137,107,113,89,1,7
577,Solosis,psychic,45,30,40,105,50,0,5
338,Solrock,rock,90,95,85,55,65,0,3
21,Spearow,normal,40,60,30,31,31,0,1
897,Spectrier,ghost,100,65,60,145,80,0,8
665,Spewpa,bug,45,22,60,27,30,0,6
363,Spheal,ice,70,40,50,55,50,0,3
167,Spinarak,bug,40,60,40,40,40,0,2
327,Spinda,normal,60,60,60,60,60,0,3
442,Spiritomb,ghost,50,92,108,92,108,0,4
325,Spoink,psychic,60,25,35,70,80,0,3
682,Spritzee,fairy,78,52,60,63,65,0,6
7,Squirtle,water,44,48,65,50,64,0,1
805,Stakataka,rock,61,131,211,53,101,0,7
234,Stantler,normal,73,95,62,85,65,0,2
398,Staraptor,normal,85,120,70,50,60,0,4
397,Staravia,normal,55,75,50,40,40,0,4
396,Starly,normal,40,55,30,30,30,0,4
121,Starmie,water,60,75,85,100,85,0,1
120,Staryu,water,30,45,55,70,55,0,1
208,Steelix,steel,75,85,200,55,65,0,2
762,Steenee,grass,52,40,48,40,48,0,7
874,Stonjourner,rock,100,125,135,20,20,0,8
508,Stoutland,normal,85,110,90,45,90,0,5
759,Stufful,normal,70,75,50,45,50,0,7
618,Stunfisk,ground,109,66,84,81,99,0,5
434,Stunky,poison,63,63,47,41,41,0,4
185,Sudowoodo,rock,70,100,115,30,65,0,2
245,Suicune,water,100,75,115,90,115,0,2
192,Sunflora,grass,75,75,55,105,85,0,2
191,Sunkern,grass,30,30,30,30,30,0,2
283,Surskit,bug,40,30,32,50,52,0,3
333,Swablu,normal,45,40,60,40,75,0,3
541,Swadloon,bug,55,63,90,50,80,0,5
317,Swalot,poison,100,73,83,73,83,0,3
260,Swampert,water,100,110,90,85,90,0,3
581,Swanna,water,75,87,63,87,63,0,5
277,Swellow,normal,60,85,60,75,50,0,3
220,Swinub,ice,50,50,40,30,30,0,2
684,Swirlix,fairy,62,48,66,59,57,0,6
528,Swoobat,psychic,67,57,55,77,55,0,5
700,Sylveon,fairy,95,65,65,110,130,0,6
276,Taillow,normal,40,55,30,30,30,0,3
663,Talonflame,fire,78,81,71,74,69,0,6
114,Tangela,grass,65,55,115,100,40,0,1
465,Tangrowth,grass,100,100,125,110,50,0,4
787,Tapu Bulu,grass,70,130,115,85,95,0,7
788,Tapu Fini,water,70,75,115,95,130,0,7
785,Tapu Koko,electric,70,115,85,95,75,0,7
786,Tapu Lele,psychic,70,85,75,130,115,0,7
128,Tauros,normal,75,100,95,40,70,0,1
216,Teddiursa,normal,60,80,50,50,50,0,2
72,Tentacool,water,40,40,35,50,100,0,1
73,Tentacruel,water,80,70,65,80,120,0,1
498,Tepig,fire,65,63,45,45,45,0,5
639,Terrakion,rock,91,129,90,72,90,0,5
828,Thievul,dark,70,58,58,87,92,0,8
538,Throh,fighting,120,100,85,30,85,0,5
642,Thundurus,electric,79,115,70,125,80,0,5
811,Thwackey,grass,70,85,70,55,60,0,8
532,Timburr,fighting,75,80,55,25,35,0,5
564,Tirtouga,water,54,78,103,53,45,0,5
777,Togedemaru,electric,65,98,63,40,73,0,7
468,Togekiss,fairy,85,50,95,120,115,0,4
175,Togepi,fairy,35,20,65,40,65,0,2
176,Togetic,fairy,55,40,85,80,105,0,2
255,Torchic,fire,45,60,40,70,50,0,3
324,Torkoal,fire,70,85,140,85,70,0,3
641,Tornadus,flying,79,115,70,125,80,0,5
726,Torracat,fire,65,85,50,80,50,0,7
389,Torterra,grass,95,109,105,75,85,0,4
158,Totodile,water,50,65,64,44,48,0,2
733,Toucannon,normal,80,120,75,75,75,0,7
748,Toxapex,poison,50,63,152,53,142,0,7
848,Toxel,electric,40,38,35,54,35,0,8
454,Toxicroak,poison,83,106,65,86,65,0,4
849,Toxtricity,electric,75,98,70,114,70,0,8
520,Tranquill,normal,62,77,62,50,42,0,5
328,Trapinch,ground,45,100,45,45,45,0,3
252,Treecko,grass,40,45,35,65,55,0,3
709,Trevenant,ghost,85,110,76,65,82,0,6
357,Tropius,grass,99,68,83,72,87,0,3
568,Trubbish,poison,50,50,62,40,62,0,5
732,Trumbeak,normal,55,85,50,40,50,0,7
763,Tsareena,grass,72,120,98,50,98,0,7
776,Turtonator,fire,60,78,135,91,85,0,7
387,Turtwig,grass,55,68,64,45,55,0,4
535,Tympole,water,50,50,40,50,40,0,5
602,Tynamo,electric,35,55,40,45,40,0,5
772,Type: Null,normal,95,95,95,95,95,0,7
157,Typhlosion,fire,78,84,78,109,85,0,2
248,Tyranitar,rock,100,134,110,95,100,0,2
697,Tyrantrum,rock,82,121,119,69,59,0,6
236,Tyrogue,fighting,35,35,35,35,35,0,2
696,Tyrunt,rock,58,89,77,45,45,0,6
197,Umbreon,dark,95,65,110,60,130,0,2
521,Unfezant,normal,80,115,80,65,55,0,5
201,Unown,psychic,48,72,48,72,48,0,2
217,Ursaring,normal,90,130,75,75,75,0,2
892,Urshifu,fighting,100,130,100,63,60,0,8
480,Uxie,psychic,75,75,130,75,130,0,4
583,Vanillish,ice,51,65,65,80,75,0,5
582,Vanillite,ice,36,50,50,65,60,0,5
584,Vanilluxe,ice,71,95,85,110,95,0,5
134,Vaporeon,water,130,65,60,110,95,0,1
543,Venipede,bug,30,45,59,30,39,0,5
49,Venomoth,bug,70,65,60,90,75,0,1
48,Venonat,bug,60,55,50,40,55,0,1
3,Venusaur,grass,80,82,83,100,100,0,1
416,Vespiquen,bug,70,80,102,80,102,0,4
329,Vibrava,ground,50,70,50,50,50,0,3
494,Victini,psychic,100,100,100,100,100,0,5
71,Victreebel,grass,80,105,65,100,70,0,1
288,Vigoroth,normal,80,80,80,55,55,0,3
738,Vikavolt,bug,77,70,90,145,75,0,7
45,Vileplume,grass,75,80,85,110,90,0,1
640,Virizion,grass,91,90,72,90,129,0,5
666,Vivillon,bug,80,52,50,90,50,0,6
313,Volbeat,bug,65,73,75,47,85,0,3
721,Volcanion,fire,80,110,120,130,90,0,6
637,Volcarona,bug,85,60,65,135,105,0,5
100,Voltorb,electric,40,30,50,55,55,0,1
629,Vullaby,dark,70,55,75,45,65,0,5
37,Vulpix,fire,38,41,40,50,65,0,1
320,Wailmer,water,130,70,35,70,35,0,3
321,Wailord,water,170,90,45,90,45,0,3
365,Walrein,ice,110,80,90,95,90,0,3
8,Wartortle,water,59,63,80,65,80,0,1
505,Watchog,normal,60,85,69,60,69,0,5
461,Weavile,dark,70,120,65,45,85,0,4
13,Weedle,bug,40,35,30,20,20,0,1
70,Weepinbell,grass,65,90,50,85,45,0,1
110,Weezing,poison,65,90,120,85,70,0,1
547,Whimsicott,grass,60,67,85,77,75,0,5
544,Whirlipede,bug,40,55,99,40,79,0,5
340,Whiscash,water,110,78,73,76,71,0,3
293,Whismur,normal,64,51,23,51,23,0,3
40,Wigglytuff,normal,140,70,45,85,50,0,1
767,Wimpod,bug,25,35,40,20,30,0,7
278,Wingull,water,40,30,30,55,30,0,3
746,Wishiwashi,water,45,20,20,25,25,0,7
202,Wobbuffet,psychic,190,33,58,33,58,0,2
527,Woobat,psychic,65,45,43,55,43,0,5
831,Wooloo,normal,42,40,55,40,45,0,8
194,Wooper,water,55,45,45,25,25,0,2
413,Wormadam,bug,60,59,85,79,105,0,4
265,Wurmple,bug,45,45,35,20,30,0,3
360,Wynaut,psychic,95,23,48,23,48,0,3
178,Xatu,psychic,65,75,70,95,70,0,2
716,Xerneas,fairy,126,131,95,131,98,1,6
796,Xurkitree,electric,83,89,71,173,71,0,7
562,Yamask,ghost,38,30,85,55,65,0,5
835,Yamper,electric,59,45,50,40,50,0,8
193,Yanma,bug,65,65,45,75,45,0,2
469,Yanmega,bug,86,76,86,116,56,0,4
734,Yungoos,normal,48,70,30,30,30,0,7
717,Yveltal,dark,126,131,95,131,98,1,6
888,Zacian,fairy,92,130,115,80,115,0,8
889,Zamazenta,fighting,92,130,115,80,115,0,8
335,Zangoose,normal,73,115,60,60,60,0,3
145,Zapdos,electric,90,90,85,125,90,0,1
893,Zarude,dark,105,120,105,70,95,0,8
523,Zebstrika,electric,75,100,63,80,63,0,5
644,Zekrom,dragon,100,150,120,120,100,1,5
807,Zeraora,electric,88,112,75,102,80,0,7
263,Zigzagoon,normal,38,30,41,30,41,0,3
571,Zoroark,dark,60,105,60,120,60,0,5
570,Zorua,dark,40,65,40,80,40,0,5
41,Zubat,poison,40,45,35,30,40,0,1
634,Zweilous,dark,72,85,70,65,70,0,5
718,Zygarde,dragon,108,100,121,81,95,1,6
